{
  "format_version": "1.8.0",
  "render_controllers": {
    "controller.render.mule.v1.and.v2": {
      "part_visibility": [
        { "*saddle*": "query.is_saddled" },
        { "SaddleMouthLine": "query.is_saddled && query.has_rider" },
        { "SaddleMouthLineR": "query.is_saddled && query.has_rider" },
        { "Bag*": "query.is_chested" },
        { "Ear*": false }
      ],
      "geometry": "Geometry.default",
      "materials": [
        { "*": "Material.default" }
      ],
      "textures": [ "Texture.mule", "Texture.markings_none", "Texture.armor_none" ]
    }
  }
}
