{
    "cube": {
        "default": {
            "size": [[1, 1, 1]],
            "center": [0.5, 0.5, 0.5]
        }
    },
	"hive": {
        "default": {
            "size": [[1, 1, 1]],
            "center": [0.5, 0.5, 0.5]
        }
    },
	"carved_pumpkin": {
        "default": {
            "size": [[1, 1, 1]],
            "center": [0.5, 0.5, 0.5]
        }
    },
	"barrel": {
        "default": {
            "size": [[1, 1, 1]],
            "center": [0.5, 0.5, 0.5]
        }
    },
    "water": {
        "default": {
            "size": [[1, 1, 1]],
            "center": [0.5, 0.5, 0.5]
        }
    },
    "terracotta": {
        "default": {
            "size": [[1, 1, 1]],
            "center": [0.5, 0.5, 0.5]
        }
    },
    "loom": {
        "default": {
            "size": [[1, 1, 1]],
            "center": [0.5, 0.5, 0.5]
        }
    },
	"glazed_terracotta": {
        "default": {
            "size": [[1, 1, 1]],
            "center": [0.5, 0.5, 0.5]
        }
    },
    "slab": {
        "default": {
            "size": [[1, 0.5, 1]],
            "offsets": [[0, 0, 0]],
            "center": [0.5, 0.5, 0.5]
        },
        "top": {
            "size": [[1, 0.5, 1]],
            "offsets": [[0, 0.5, 0]],
            "center": [0.5, 0.5, 0.5]
        }
    },
    "tree": {
        "default": {
            "size": [[1, 1, 1]],
            "center": [0.5, 0.5, 0.5]
        }
    },
    "bubble_column": {
        "default": {
            "size": [[1, 1, 1]],
            "center": [0.5, 0.5, 0.5]
        }
    },
    "pressure_plate": {
        "default": {
            "size": [[0.875, 0.0625, 0.875]],
            "center": [0.5, 0.5, 0.5]
        }
    },
    "button": {
        "default": {
            "size": [[0.375, 0.125, 0.25]],
            "offsets": [[0.3125, 0, 0.375]],
            "center": [0.5, 0.5, 0.5]
        }
    },
    "trapdoor": {
        "default": {
            "size": [[1, 0.1875, 1]],
            "center": [0.5, 0.5, 0.5]
        },
        "open": {
            "size": [[1, 1, 0.1875]],
            "center": [0.5, 0.5, 0.5]
        },
        "top": {
            "size": [[1, 0.1875, 1]],
            "offsets": [[0, 0.8125, 0]],
            "center": [0.5, 0.5, 0.5]
        }
    },
    "stairs": {
        "default": {
            "size": [[1, 0.5, 1], [1, 0.5, 0.5]],
            "offsets": [[0, 0, 0], [0, 0.4375, 0]],
            "center": [0.5, 0.5, 0.5]
        },
        "top": {
            "size": [[1, 0.5, 1], [1, 0.5, 0.5]],
            "offsets": [[0, 0.4375, 0], [0, 0, 0]],
            "center": [0.5, 0.5, 0.5]
        }
    },
    "ignore": {},
    "anvil": {
        "default": {
            "size": [[0.625, 0.375, 1]],
            "offsets": [[0.125, 0.625, 0]],
            "center": [0.5, 0.5, 0.5]
        }
    },
    "bamboo": {
        "default": {
            "size": [[0.125, 1, 0.125]],
            "center": [0.5, 0.5, 0.5]
        }
    },
    "beacon": {
        "default": {
            "size": [[1, 1, 1]],
            "center": [0.5, 0.5, 0.5]
        }
    },
    "bed": {
        "default": {
            "size": [[1, 1, 1]],
            "center": [0.5, 0.5, 0.5]
        }
    },
    "bell": {
        "default": {
            "size": [[1, 1, 1]],
            "center": [0.5, 0.5, 0.5]
        }
    },
    "brewing_stand": {
        "default": {
            "size": [[1, 1, 1]],
            "center": [0.5, 0.5, 0.5]
        }
    },
    "cactus": {
        "default": {
            "size": [[0.875, 0.9375, 0.875]],
            "center": [0.5, 0.5, 0.5]
        }
    },
    "cauldron": {
        "default": {
            "size": [[1, 1, 1]],
            "center": [0.5, 0.5, 0.5]
        }
    },
    "chest": {
        "default": {
            "size": [[0.875, 0.9375, 0.875]],
            "center": [0.5, 0.5, 0.5]
        }
    },
    "chorus_flower": {
        "default": {
            "size": [[1, 1, 1]],
            "center": [0.5, 0.5, 0.5]
        }
    },
    "chorus_plant": {
        "default": {
            "size": [[0.5, 1, 0.5]],
            "offsets": [[0.125, 0, 0.125]],
            "center": [0.5, 0.5, 0.5]
        }
    },
    "cocoa": {
        "default": {
            "size": [[0.5, 0.5, 0.5]],
            "offsets": [[0.125, 0, 0.125]],
            "center": [0.5, 0.5, 0.5]
        }
    },
    "comparator": {
        "default": {
            "size": [[1, 0.125, 1], [0.1875, 0.4375, 0.1875], [0.1875, 0.4375, 0.1875], [0.1875, 0.25, 0.1875]],
            "offsets": [[0, 0, 0], [0.1875, 0, 0.1875], [0.6875, 0, 0.1875], [0.4375, 0, 0.75]],
            "center": [0.5, 0.5, 0.5]
        }
    },
    "conduit": {
        "default": {
            "size": [[0.5, 0.5, 0.5]],
            "offsets": [[0.125, 0, 0.125]],
            "center": [0.5, 0.5, 0.5]
        }
    },
    "coral_fan": {
        "default": {
            "size": [[1, 1, 1]],
            "center": [0.5, 0.5, 0.5]
        }
    },
    "cross_texture": {
        "default": {
            "size": [[0.01, 1, 1], [1, 1, 0.01]],
            "offsets": [[0.5, 0, 0], [0, 0, 0.5]],
            "center": [0.5, 0.5, 0.5]
        }
    },
    "double_plant": {
        "default": {
            "size": [[1, 1, 1]],
            "center": [0.5, 0.5, 0.5]
        }
    },
    "dragon_egg": {
        "default": {
            "size": [[1, 1, 1]],
            "center": [0.5, 0.5, 0.5]
        }
    },
    "enchanting_table": {
        "default": {
            "size": [[1, 1, 1]],
            "center": [0.5, 0.5, 0.5]
        }
    },
    "end_rod": {
        "default": {
            "size": [[0.125, 1, 0.125], [0.25, 0.125, 0.25]],
            "offsets": [[0.4375, 0, 0.4375], [0.375, 0, 0.375]],
            "center": [0.5, 0.5, 0.5]
        }
    },
    "dispenser": {
        "default": {
            "size": [[1, 1, 1]],
            "center": [0.5, 0.5, 0.5]
        }
    },
    "facing_block": {
        "default": {
            "size": [[1, 1, 1]],
            "center": [0.5, 0.5, 0.5]
        }
    },
    "observer": {
        "default": {
            "size": [[1, 1, 1]],
            "center": [0.5, 0.5, 0.5]
        }
    },
    "farmland": {
        "default": {
            "size": [[1, 0.9375, 1]],
            "center": [0.5, 0.5, 0.5]
        }
    },
    "fence": {
        "default": {
            "size": [[0.125, 1, 0.125]],
            "offsets": [[0.4375, 0, 0.4375]],
            "center": [0.5, 0.5, 0.5]
        }
    },
    "fire": {
        "default": {
            "size": [[1, 1, 1]],
            "center": [0.5, 0.5, 0.5]
        }
    },
    "flower_pot": {
        "default": {
            "size": [[1, 1, 1]],
            "center": [0.5, 0.5, 0.5]
        }
    },
    "frame": {
        "default": {
            "size": [[0.75, 0.125, 0.75]],
            "offsets": [[0.125, 0, 0.125]],
            "center": [0.5, 0.5, 0.5]
        }
    },
    "furnace": {
        "default": {
            "size": [[1, 1, 1]],
            "center": [0.5, 0.5, 0.5]
        }
    },
    "grindstone": {
        "default": {
            "size": [[1, 1, 1]],
            "center": [0.5, 0.5, 0.5]
        }
    },
    "hopper": {
        "default": {
            "size": [[1, 0.4375, 1], [0.5, 0.375, 0.5], [0.25, 0.25, 0.25]],
            "offsets": [[0, 0.5625, 0], [0.25, 0.25, 0.25], [0.375, 0.0625, 0.375]],
            "center": [0.5, 0.5, 0.5]
        },
        "side": {
            "size": [[1, 0.4375, 1], [0.5, 0.375, 0.5], [0.25, 0.25, 0.25]],
            "offsets": [[0, 0.5625, 0], [0.25, 0.25, 0.25], [0.0625, 0.3125, 0.375]],
            "center": [0.5, 0.5, 0.5]
        }
    },
    "ladder": {
        "default": {
            "size": [[1, 1, 1]],
            "center": [0.5, 0.5, 0.5]
        }
    },
    "lantern": {
        "default": {
            "size": [[1, 1, 1]],
            "center": [0.5, 0.5, 0.5]
        }
    },
    "lever": {
        "default": {
            "size": [[0.5, 0.1875, 0.375], [0.125, 0.625, 0.125]],
            "offsets": [[0.25, -0.0625, 0.3125], [0.1875, -0.1125, 0.4375]],
            "rotation": [[0, 0, 0], [0, 0, -40]],
            "center": [0.5, 0.5, 0.5]
        },
        "on": {
            "size": [[0.5, 0.1875, 0.375], [0.125, 0.625, 0.125]],
            "offsets": [[0.25, -0.0625, 0.3125], [0.6875, -0.1125, 0.4375]],
            "rotation": [[0, 0, 0], [0, 0, 40]],
            "center": [0.5, 0.5, 0.5]
        }
    },
    "lilypad": {
        "default": {
            "size": [[1, 0.0625, 1]],
            "center": [0.5, 0.5, 0.5]
        }
    },
    "carpet": {
        "default": {
            "size": [[1, 0.0625, 1]],
            "center": [0.5, 0.5, 0.5]
        }
    },
    "chain": {
        "default": {
            "size": [[0.125, 1, 0.125]],
            "offsets": [[0.4375, 0, 0.4375]],
            "center": [0.5, 0.5, 0.5]
        }
    },
    "daylight": {
        "default": {
            "size": [[1, 0.375, 1]],
            "center": [0.5, 0.5, 0.5]
        }
    },
    "campfire": {
        "default": {
            "size": [[1, 1, 1]]
        },
        "center": [0.5, 0.5, 0.5]
    },
    "pane": {
        "default": {
            "size": [[0.125, 1, 0.125]],
            "offsets": [[0.4375, 0, 0.4375]],
            "center": [0.5, 0.5, 0.5]
        }
    },
    "sticky_piston": {
        "default": {
            "size": [[1, 1, 1]],
            "center": [0.5, 0.5, 0.5]
        }
    },
    "piston": {
        "default": {
            "size": [[1, 1, 1]],
            "center": [0.5, 0.5, 0.5]
        }
    },
    "piston_arm": {
        "default": {
            "size": [[1, 1, 1]],
            "center": [0.5, 0.5, 0.5]
        }
    },
    "portal_frame": {
        "default": {
            "size": [[1, 0.8125, 1]],
            "center": [0.5, 0.5, 0.5]
        }
    },
    "rail": {
        "default": {
            "size": [[1, 0.0625, 1]],
            "center": [0.5, 0.5, 0.5]
        }
    },
    "red_dust": {
        "default": {
            "size": [[1, 0.0625, 1]],
            "center": [0.5, 0.5, 0.5]
        }
    },
    "repeater": {
        "default": {
            "size": [[1, 0.125, 1], [0.1875, 0.4375, 0.1875], [0.1875, 0.4375, 0.1875]],
            "offsets": [[0, 0, 0], [0.4125, 0, 0.7125], [0.4125, 0, 0.4875]],
            "center": [0.5, 0.5, 0.5]
        },
        "0": {
            "size": [[1, 0.125, 1], [0.1875, 0.4375, 0.1875], [0.1875, 0.4375, 0.1875]],
            "offsets": [[0, 0, 0], [0.4125, 0, 0.7125], [0.4125, 0, 0.4875]],
            "center": [0.5, 0.5, 0.5]
        },
        "1": {
            "size": [[1, 0.125, 1], [0.1875, 0.4375, 0.1875], [0.1875, 0.4375, 0.1875]],
            "offsets": [[0, 0, 0], [0.4125, 0, 0.7125], [0.4125, 0, 0.375]],
            "center": [0.5, 0.5, 0.5]
        },
        "2": {
            "size": [[1, 0.125, 1], [0.1875, 0.4375, 0.1875], [0.1875, 0.4375, 0.1875]],
            "offsets": [[0, 0, 0], [0.4125, 0, 0.7125], [0.4125, 0, 0.25]],
            "center": [0.5, 0.5, 0.5]
        },
        "3": {
            "size": [[1, 0.125, 1], [0.1875, 0.4375, 0.1875], [0.1875, 0.4375, 0.1875]],
            "offsets": [[0, 0, 0], [0.4125, 0, 0.7125], [0.4125, 0, 0.125]],
            "center": [0.5, 0.5, 0.5]
        }
    },
    "sea_pickle": {
        "default": {
            "size": [[1, 1, 1]],
            "center": [0.5, 0.5, 0.5]
        }
    },
    "standing_sign": {
        "default": {
            "size": [[1, 0.5, 0.125], [0.125, 1, 0.125]],
            "offsets": [[0, 0.5, 0.5], [0.5, 0, 0.5]],
            "center": [0.5, 0.5, 0.5]
        }
    },
    "top_snow": {
        "default": {
            "size": [[1, 0.0625, 1]],
            "center": [0.5, 0.5, 0.5]
        }
    },
    "torch": {
        "default": {
            "size": [[0.1875, 0.625, 0.1875]],
            "offsets": [[0.4375, 0, 0.4375]],
            "center": [0.5, 0.5, 0.5]
        }
    },
    "tripwire": {
        "default": {
            "size": [[1, 1, 1]],
            "center": [0.5, 0.5, 0.5]
        }
    },
    "tripwire_hook": {
        "default": {
            "size": [[1, 1, 1]],
            "center": [0.5, 0.5, 0.5]
        }
    },
    "turtle_egg": {
        "default": {
            "size": [[1, 1, 1]],
            "center": [0.5, 0.5, 0.5]
        }
    },
    "wall": {
        "default": {
            "size": [[0.5, 1, 0.5]],
            "offsets": [[0.25, 0, 0.25]],
            "center": [0.5, 0.5, 0.5]
        }
    },
    "lectern": {
        "default": {
            "size": [[1, 1, 1]],
            "center": [0.5, 0.5, 0.5]
        }
    },
    "vine": {
        "default": {
            "size": [[1, 1, 1]],
            "center": [0.5, 0.5, 0.5]
        }
    },
    "wall_sign": {
        "default": {
            "size": [[1, 0.5, 0.125]],
            "offsets": [[0, 0.5, 0]],
            "center": [0.5, 0.5, 0.5]
        }
    },
    "fence_gate": {
        "default": {
            "size": [[0.125, 0.6875, 0.125], [0.125, 0.6875, 0.125], [0.125, 0.5625, 0.25], [0.125, 0.1875, 1], [0.125, 0.1875, 1]],
            "offsets": [[0.4375, 0.3125, 0], [0.4375, 0.3125, 0.875], [0.4375, 0.375, 0.375], [0.4375, 0.75, 0], [0.4375, 0.375, 0]],
            "center": [0.5, 0.5, 0.5]
        }
    },
    "door": {
        "default": {
            "size": [[1, 2, 0.1875]],
            "offsets": [[0, 1, 0]],
            "center": [0.5, 0.5, 0.5]
        },
        "top": {
            "size": [[0.001, 0.001, 0.001]],
            "offsets": [[0, 1000, 0]],
            "center": [0.5, 0.5, 0.5]
        }
    },
    "cake": {
        "default": {
            "size": [[0.875, 0.5, 0.875]],
            "offsets": [[0.0625, 0, 0.0625]],
            "center": [0.5, 0.5, 0.5]
        },
        "0": {
            "size": [[0.875, 0.5, 0.875]],
            "offsets": [[0.0625, 0, 0.0625]],
            "center": [0.5, 0.5, 0.5]
        },
        "1": {
            "size": [[0.75, 0.5, 0.875]],
            "offsets": [[0.0625, 0, 0.0625]],
            "center": [0.5, 0.5, 0.5]
        },
        "2": {
            "size": [[0.625, 0.5, 0.875]],
            "offsets": [[0.0625, 0, 0.0625]],
            "center": [0.5, 0.5, 0.5]
        },
        "3": {
            "size": [[0.5, 0.5, 0.875]],
            "offsets": [[0.0625, 0, 0.0625]],
            "center": [0.5, 0.5, 0.5]
        },
        "4": {
            "size": [[0.375, 0.5, 0.875]],
            "offsets": [[0.0625, 0, 0.0625]],
            "center": [0.5, 0.5, 0.5]
        },
        "5": {
            "size": [[0.25, 0.5, 0.875]],
            "offsets": [[0.0625, 0, 0.0625]],
            "center": [0.5, 0.5, 0.5]
        },
        "6": {
            "size": [[0.125, 0.5, 0.875]],
            "offsets": [[0.0625, 0, 0.0625]],
            "center": [0.5, 0.5, 0.5]
        }
    },
    "sea_pickle": {
        "default": {
            "size": [[0.25, 0.375, 0.25]],
            "offsets": [[0.375, 0, 0.375]],
            "center": [0.5, 0.5, 0.5]
        },
        "0": {
            "size": [[0.25, 0.375, 0.25]],
            "offsets": [[0.375, 0, 0.375]],
            "center": [0.5, 0.5, 0.5]
        },
        "1": {
            "size": [[0.25, 0.375, 0.25], [0.25, 0.25, 0.25]],
            "offsets": [[0.21875, 0, 0.21875], [0.53125, 0, 0.53125]],
            "center": [0.5, 0.5, 0.5]
        },
        "2": {
            "size": [[0.25, 0.375, 0.25], [0.25, 0.25, 0.25], [0.25, 0.31325, 0.25]],
            "offsets": [[0.21875, 0, 0.21875], [0.53125, 0, 0.53125], [0.53125, 0, 0.21875]],
            "center": [0.5, 0.5, 0.5]
        },
        "3": {
            "size": [[0.25, 0.375, 0.25], [0.25, 0.25, 0.25], [0.25, 0.31325, 0.25], [0.25, 0.4375, 0.25]],
            "offsets": [[0.21875, 0, 0.21875], [0.53125, 0, 0.53125], [0.53125, 0, 0.21875], [0.21875, 0, 0.53125]],
            "center": [0.5, 0.5, 0.5]
        }
    },
    "sculk_sensor": {
        "default": {
            "size": [[1, 0.5, 1]],
            "offsets": [[0, 0, 0]],
            "center": [0.5, 0.5, 0.5]
        }
    }
}
