{
	"wall_block_type":{
		"cobblestone":0,
		"mossy_cobblestone":1,
		"granite":2,
		"diorite":3,
		"andesite":4,
		"sandstone":5,
		"brick":6,
		"stone_brick":7,
		"mossy_stone_brick":8,
		"nether_brick":9,
		"end_brick":10,
		"prismarine":11,
		"red_sandstone":12,
		"red_nether_brick":13
	},
		"wood_type":{
		"oak":0,
		"spruce":1,
		"birch":2,
		"jungle":3,
		"acacia":4,
		"dark_oak":5
	},
	"stone_slab_type":{
		"smooth_stone":0,
		"sandstone":1,
		"cobblestone":3,
		"brick":4,
		"stone_brick":5,
		"quartz":6,
		"nether_brick":7
		
	},
	"stone_slab_type_2":{
		"red_sandstone":0,
		"purpur":1,
		"prismarine_rough":2,
		"prismarine_dark":3,
		"prismarine_brick":4,
		"mossy_cobblestone":5,
		"smooth_sandstone":6,
		"red_nether_brick":7
	},
	"stone_slab_type_3":{
		"stone":0,
		"stone_granite":1,
		"granite":1,
		"stone_granite_smooth":2,
		"polished_granite":2,
		"stone_diorite":3,
		"diorite":3,
		"stone_diorite_smooth":4,
		"polished_diorite":4,
		"stone_andesite":5,
		"andesite":5,
		"stone_andesite_smooth":6,
		"polished_andesite":6,
		"smooth_red_sandstone":7,
		"end_stone_brick":8
		
	},
	"stone_slab_type_4":{
		"mossy_stone_brick":0,
		"smooth_quartz":1,
		"stone":2,
		"cut_sandstone":3,
		"cut_red_sandstone":4
	},
	"stone_block_slab":{
		"quartz":0
	},
	"color":{
		"white":0,
		"orange":1,
		"magenta":2,
		"light_blue":3,
		"yellow":4,
		"lime":5,
		"pink":6,
		"gray":7,
		"silver":8,
		"cyan":9,
		"purple":10,
		"blue":11,
		"brown":12,
		"green":13,
		"red":14,
		"black":15
	},
	"wood":{
		"oak":0,
		"oak_stripped":1,
		"spruce":2,
		"spruce_stripped":3,
		"birch":4,
		"birch_stripped":5,
		"jungle":6,
		"jungle_stripped":7,
		"acacia":8,
		"acacia_stripped":9,
		"dark_oak":10,
		"dark_oak_stripped":11
	},
	"new_log_type":{
		"acacia":0,
		"dark_oak":1
	},
	"old_log_type":{
		"oak":0,
		"spruce":1,
		"birch":2,
		"jungle":3
	},
	"stone_type":{
		"stone":0,
		"granite":1,
		"granite_smooth":2,
		"diorite":3,
		"diorite_smooth":4,
		"andesite":5,
		"andesite_smooth":6
	},
	"prismarine_block_type":{
		"default":0,
		"dark":1,
		"bricks":2
	},
	"chisel_type":{
		"default":0,
		"chiseled":1,
		"lines":2,
		"smooth":3
	},
	"stone_brick_type":{
		"default":0,
		"mossy":1,
		"cracked":2,
		"chiseled":3
	},
	"sand_stone_type":{
		"default":0,
		"heiroglyphs":1,
		"cut":2,
		"smooth":3
	}
	
}