{
	"format_version" : "1.8.0",
	"animations" : {
		"animation.cat.baby_transform" : {
			"loop" : true,
			"bones" : {
				"head" : {
					"scale" : 1.5
				}
			}
		},
		"animation.cat.lie_down" : {
			"loop" : true,
			"bones" : {
				"backlegl" : {
					"position" : [ 0.0, -0.7, 0.0 ],
					"rotation" : [ -22.92, 0.0, 0.0 ]
				},
				"backlegr" : {
					"position" : [ 0.1, -1.2, 0.0 ],
					"rotation" : [ 28.65, 0.0, -28.65 ]
				},
				"body" : {
					"position" : [ 0.0, "variable.liedownamount * -4.5 + variable.lieonplayer * (4.5 + query.is_baby * 6)", 0.0 ],
					"rotation" : [ 0.0, 0.0, "math.lerprotate(0.0, 90.0, variable.liedownamount)" ]
				},
				"frontlegl" : {
					"position" : [ 0.0, -1.0, -1.5 ],
					"rotation" : [ -72.81, 0.0, 0.0 ]
				},
				"frontlegr" : {
					"position" : [ 0.2, -0.9, 0.0 ],
					"rotation" : [ -30.0, 0.0, -14.46 ]
				},
				"head" : {
					"position" : [ -0.1, 0.0, -0.5 ],
					"rotation" : [ -10.0, "math.lerprotate(this, 75.81, variable.liedownamount)", 0.0 ]
				},
				"tail1" : {
					"position" : [ 0.0, 0.0, 0.0 ],
					"rotation" : [ "math.lerprotate(this, -33.84, variable.liedownamounttail)", 0.0, 0.0 ]
				},
				"tail2" : {
					"position" : [ 0.0, 0.0, 0.0 ],
					"rotation" : [ "math.lerprotate(this, -68.92, variable.liedownamounttail)", 0.0, 0.0 ]
				}
			}
		},
		"animation.cat.sit" : {
			"loop" : true,
			"bones" : {
				"backlegl" : {
					"position" : [ 0.0, 0.0, 1.0 ],
					"rotation" : [ -45.0, 0.0, 0.0 ]
				},
				"backlegr" : {
					"position" : [ 0.0, 0.0, 1.0 ],
					"rotation" : [ -45.0, 0.0, 0.0 ]
				},
				"body" : {
					"position" : [ 0.0, -1.0, 0.0 ],
					"rotation" : [ -45.0, 0.0, 0.0 ]
				},
				"frontlegl" : {
					"position" : [ 0.0, -4.5, -1.0 ],
					"rotation" : [ 42.15, 0.0, 0.0 ]
				},
				"frontlegr" : {
					"position" : [ 0.0, -4.5, -1.0 ],
					"rotation" : [ 42.15, 0.0, 0.0 ]
				},
				"tail1" : {
					"position" : [ 0.0, -3.0, 1.0 ],
					"rotation" : [ 45.0, 0.0, 0.0 ]
				},
				"tail2" : {
					"position" : [ 0.0, 0.0, 0.0 ],
					"rotation" : [ 45.0, 0.0, 0.0 ]
				},
				"head" : {
					"position" : [ 0.0, -1.25, 0.0 ]
				}
			}
		},
		"animation.cat.sneak" : {
			"loop" : true,
			"bones" : {
				"backlegl" : {
					"position" : [ 0.0, 1.0, 0.0 ],
					"rotation" : [ "math.cos(query.modified_distance_moved * 38.17) * 57.3 * query.modified_move_speed", 0.0, 0.0 ]
				},
				"backlegr" : {
					"position" : [ 0.0, 1.0, 0.0 ],
					"rotation" : [ "math.cos(query.modified_distance_moved * 38.17 + 180.0) * 57.3 * query.modified_move_speed", 0.0, 0.0 ]
				},
				"body" : {
					"position" : [ 0.0, -1.0, 0.0 ]
				},
				"frontlegl" : {
					"position" : [ 0.0, 1.0, 0.0 ],
					"rotation" : [ "math.cos(query.modified_distance_moved * 38.17 + 180.0) * 57.3 * query.modified_move_speed", 0.0, 0.0 ]
				},
				"frontlegr" : {
					"position" : [ 0.0, 1.0, 0.0 ],
					"rotation" : [ "math.cos(query.modified_distance_moved * 38.17) * 57.3 * query.modified_move_speed", 0.0, 0.0 ]
				},
				"head" : {
					"position" : [ 0.0, -1.0, 0.0 ]
				},
				"tail1" : {
					"position" : [ 0.0, 1.0, 0.0 ]
				},
				"tail2" : {
					"rotation" : [ "62.0 + math.cos(query.modified_distance_moved * 57.3) * 27.0 * query.modified_move_speed", 0.0, 0.0 ]
				}
			}
		},
		"animation.cat.sprint" : {
			"loop" : true,
			"bones" : {
				"backlegl" : {
					"rotation" : [ "math.cos(query.modified_distance_moved * 38.17) * 57.3 * query.modified_move_speed", 0.0, 0.0 ]
				},
				"backlegr" : {
					"rotation" : [ "math.cos(query.modified_distance_moved * 38.17 + 17.19) * 57.3 * query.modified_move_speed", 0.0, 0.0 ]
				},
				"frontlegl" : {
					"rotation" : [ "math.cos(query.modified_distance_moved * 38.17 + 197.19) * 57.3 * query.modified_move_speed", 0.0, 0.0 ]
				},
				"frontlegr" : {
					"rotation" : [ "math.cos(query.modified_distance_moved * 38.17 + 180.0) * 57.3 * query.modified_move_speed", 0.0, 0.0 ]
				},
				"tail1" : {
					"rotation" : [ 0.0, 0.0, 0.0 ]
				},
				"tail2" : {
					"rotation" : [ "62.0 + math.cos(query.modified_distance_moved * 57.3) * 18.0 * query.modified_move_speed", 0.0, 0.0 ]
				}
			}
		},
		"animation.cat.walk" : {
			"loop" : true,
			"bones" : {
				"backlegl" : {
					"rotation" : [ "math.cos(query.modified_distance_moved * 38.17) * 57.3 * query.modified_move_speed", 0.0, 0.0 ]
				},
				"backlegr" : {
					"rotation" : [ "math.cos(query.modified_distance_moved * 38.17 + 180.0) * 57.3 * query.modified_move_speed", 0.0, 0.0 ]
				},
				"frontlegl" : {
					"rotation" : [ "math.cos(query.modified_distance_moved * 38.17 + 180.0) * 57.3 * query.modified_move_speed", 0.0, 0.0 ]
				},
				"frontlegr" : {
					"rotation" : [ "math.cos(query.modified_distance_moved * 38.17) * 57.3 * query.modified_move_speed", 0.0, 0.0 ]
				},
				"tail1" : {
					"rotation" : [ -51.57, 0.0, 0.0 ]
				},
				"tail2" : {
					"rotation" : [ "62.0 + math.cos(query.modified_distance_moved * 57.3) * 45.0 * query.modified_move_speed", 0.0, 0.0 ]
				}
			}
		}
	}
}
